{
  "project_info": {
    "project_number": "773976844681",
    "project_id": "emsk-219bc",
    "storage_bucket": "emsk-219bc.appspot.com"
  },
  "client": [
    {
      "client_info": {
        "mobilesdk_app_id": "1:773976844681:android:98c7ceafd905e6fdd1d958",
        "android_client_info": {
          "package_name": "com.example.catchmeifucan"
        }
      },
      "oauth_client": [
        {
          "client_id": "773976844681-ja40ldc5e0srfk3hevqjlpp5jqrs0u1l.apps.googleusercontent.com",
          "client_type": 3
        }
      ],
      "api_key": [
        {
          "current_key": "AIzaSyComtqOeAGEQcWy5zNCVqtfGrX7Y8CzJMo"
        }
      ],
      "services": {
        "appinvite_service": {
          "other_platform_oauth_client": [
            {
              "client_id": "773976844681-ja40ldc5e0srfk3hevqjlpp5jqrs0u1l.apps.googleusercontent.com",
              "client_type": 3
            }
          ]
        }
      }
    }
  ],
  "configuration_version": "1"
}